,Name,L/R,RElo,LElo,Elo
286,Justin Verlander,R,1539,1601,1623
263,Emmanuel Clase,R,1561,1544,1598
132,Sandy Alcantara,R,1532,1583,1596
477,Zac Gallen,R,1511,1597,1593
37,Max Fried,L,1558,1532,1585
280,Tony Gonsolin,R,1529,1564,1584
46,Shohei Ohtani,R,1563,1519,1579
356,Evan Phillips,R,1543,1535,1578
102,Shane McClanahan,L,1567,1510,1576
36,Edwin Diaz,R,1533,1544,1573
281,Tyler Anderson,L,1565,1508,1572
41,Spencer Strider,R,1529,1546,1572
426,Nestor Cortes Jr.,L,1545,1534,1572
93,Aaron Nola,R,1523,1552,1570
25,Ryan Helsley,R,1543,1533,1569
307,Jason Adam,R,1536,1540,1568
287,Cristian Javier,R,1536,1530,1568
455,Clayton Kershaw,L,1562,1505,1565
10,Shane Bieber,R,1543,1530,1565
251,Carlos Rodon,L,1544,1524,1564
13,Triston McKenzie,R,1547,1518,1562
399,Alek Manoah,R,1583,1502,1561
178,Rafael Montero,R,1528,1536,1561
193,Dylan Cease,R,1558,1505,1559
211,Andres Munoz,R,1519,1542,1559
146,Max Scherzer,R,1558,1512,1559
47,Framber Valdez,L,1524,1542,1558
57,Yu Darvish,R,1508,1561,1558
352,Julio Urias,L,1538,1513,1557
1,Corbin Burnes,R,1539,1528,1555
416,Jose Quintana,L,1539,1515,1554
349,Devin Williams,R,1548,1507,1553
171,Alexis Diaz,R,1540,1519,1552
39,Collin McHugh,R,1521,1527,1551
769,Jacob deGrom,R,1523,1528,1550
164,Jordan Romano,R,1533,1519,1549
284,Daniel Bard,R,1528,1524,1549
15,Scott Barlow,R,1533,1522,1549
74,Wandy Peralta,L,1530,1523,1548
422,Zack Wheeler,R,1531,1518,1547
200,Drew Rasmussen,R,1508,1538,1547
55,Ryan Pressly,R,1523,1526,1547
305,Felix Bautista,R,1531,1514,1546
113,J.P. Feyereisen,R,1532,1516,1546
328,Sam Hentges,L,1513,1537,1545
590,Yency Almonte,R,1514,1531,1542
78,Michael King,R,1530,1514,1542
269,Kyle Wright,R,1564,1493,1542
107,Cionel Perez,L,1524,1518,1542
182,Jimmy Herget,R,1549,1492,1541
131,Logan Webb,R,1574,1480,1539
373,Tanner Houck,R,1553,1488,1538
195,Reynaldo Lopez,R,1540,1496,1538
333,Erik Swanson,R,1516,1522,1538
144,Anthony Bass,R,1557,1482,1537
126,Jhoan Duran,R,1518,1525,1537
238,Luis Severino,R,1518,1513,1537
748,Pete Fairbanks,R,1523,1513,1537
430,Jesus Luzardo,L,1521,1513,1537
257,Nick Sandlin,R,1536,1498,1537
129,Paul Sewald,R,1531,1505,1536
446,Alex Cobb,R,1522,1509,1536
73,Jonathan Loaisiga,R,1535,1502,1535
265,Chris Bassitt,R,1551,1487,1535
340,Jake Woodford,R,1537,1498,1535
180,Bryan Abreu,R,1507,1528,1535
480,Matt Moore,L,1517,1516,1535
168,A.J. Minter,L,1514,1523,1535
653,Zack Thompson,L,1511,1520,1534
108,Jeffrey Springs,L,1529,1489,1533
569,Luis Castillo,R,1534,1505,1533
442,Martin Perez,L,1515,1519,1532
288,Ryne Stanek,R,1510,1525,1532
534,Penn Murfee,R,1521,1512,1532
105,Bryan Baker,R,1524,1505,1532
70,Clay Holmes,R,1546,1489,1532
541,Connor Overton,R,1514,1523,1532
32,Adam Ottavino,R,1557,1474,1531
553,Jovani Moran,L,1530,1502,1531
345,Freddy Peralta,R,1508,1526,1531
289,Raisel Iglesias,R,1524,1505,1531
577,Dylan Floro,R,1541,1487,1530
119,Brusdar Graterol,R,1538,1494,1530
649,Edward Cabrera,R,1488,1549,1530
65,Robert Suarez,R,1522,1508,1529
458,Griffin Jax,R,1521,1504,1529
457,Alex Vesia,L,1502,1524,1529
539,Seth Martinez,R,1539,1490,1529
98,Domingo Acevedo,R,1534,1490,1528
623,Dylan Lee,L,1495,1534,1528
228,Scott Effross,R,1504,1524,1528
186,Merrill Kelly,R,1566,1475,1528
527,John Schreiber,R,1538,1493,1527
53,Hector Neris,R,1504,1527,1527
612,Blake Snell,L,1515,1501,1527
156,Ross Stripling,R,1495,1534,1527
501,Erasmo Ramirez,R,1499,1524,1526
240,Ron Marinaccio,R,1502,1525,1526
114,Brooks Raley,L,1517,1508,1526
213,Diego Castillo,R,1533,1493,1526
52,Ryan Tepera,R,1516,1511,1526
223,Brandon Woodruff,R,1484,1537,1525
815,Scott Alexander,L,1501,1524,1525
531,Andrew Chafin,L,1516,1506,1525
327,Brady Singer,R,1538,1494,1524
122,Daniel Hudson,R,1516,1510,1524
247,Dany Jimenez,R,1525,1501,1524
62,Tim Hill,L,1510,1513,1524
249,Jose Alvarado,L,1517,1505,1523
250,Zach Jackson,R,1520,1507,1523
342,Andre Pallante,R,1484,1533,1522
214,Miles Mikolas,R,1499,1527,1522
221,Giovanny Gallegos,R,1526,1493,1521
258,Amir Garrett,L,1496,1524,1521
596,Colin Holderman,R,1511,1510,1521
99,Seranthony Dominguez,R,1517,1508,1521
111,Jorge Lopez,R,1523,1502,1521
403,Hunter Harvey,R,1504,1516,1520
204,Sonny Gray,R,1487,1536,1520
109,Dillon Tate,R,1533,1488,1520
779,Lance McCullers Jr.,R,1500,1518,1520
64,Joe Mantiply,L,1510,1507,1520
174,Kenley Jansen,R,1521,1499,1519
494,Enyel De Los Santos,R,1514,1505,1519
429,Patrick Sandoval,L,1478,1549,1518
823,Matthew Boyd,L,1505,1515,1518
319,Brock Burke,L,1518,1499,1518
751,Jose Cisnero,R,1515,1505,1518
220,David Bednar,R,1496,1521,1518
266,Kyle Finnegan,R,1487,1530,1518
724,James Karinchak,R,1505,1514,1518
567,Adrian Sampson,R,1482,1535,1517
833,Ryne Nelson,R,1510,1507,1517
260,Trevor Stephan,R,1518,1498,1517
194,Joe Jimenez,R,1522,1495,1517
445,Luis Garcia,R,1545,1468,1517
369,Kyle Nelson,L,1498,1521,1517
302,Tanner Banks,L,1527,1485,1517
91,Liam Hendriks,R,1510,1506,1516
838,Luis Ortiz,R,1522,1495,1516
222,Justin Steele,L,1505,1505,1516
35,Mason Thompson,R,1512,1503,1516
8,David Robertson,R,1510,1507,1515
491,Andrew Wantz,R,1517,1500,1515
672,Luke Bard,R,1509,1505,1515
549,Tommy Kahnle,R,1510,1503,1515
545,Zach Pop,R,1502,1511,1515
236,Tim Mayza,L,1492,1519,1514
441,Jordan Hicks,R,1529,1486,1514
206,Caleb Thielbar,L,1509,1501,1514
677,Jesus Tinoco,R,1507,1507,1514
438,Garrett Cleavinger,L,1514,1497,1514
72,Garrett Whitlock,R,1498,1520,1514
344,Marcus Stroman,R,1522,1486,1514
276,Steven Wilson,R,1508,1507,1514
172,Tyler Matzek,L,1513,1498,1514
850,Drey Jameson,R,1500,1513,1514
154,Jon Gray,R,1529,1489,1514
323,Cal Quantrill,R,1493,1517,1514
764,Touki Toussaint,R,1518,1492,1513
148,Sean Doolittle,L,1508,1505,1513
793,Dustin May,R,1508,1506,1513
106,Matt Wisler,R,1499,1513,1513
834,Hunter Brown,R,1495,1519,1513
348,Brad Boxberger,R,1513,1502,1513
183,Jaime Barria,R,1529,1487,1513
268,Joely Rodriguez,L,1501,1509,1513
326,Eli Morgan,R,1506,1505,1513
320,David Phelps,R,1497,1515,1513
768,Kevin Ginkel,R,1505,1507,1513
117,Tyler Kinley,R,1493,1519,1512
330,Bailey Ober,R,1522,1489,1512
716,Mark Appel,R,1506,1506,1512
603,Caleb Ferguson,L,1516,1494,1512
140,Camilo Doval,R,1532,1480,1512
835,Hayden Wesneski,R,1493,1518,1511
366,Nabil Crismatt,R,1504,1508,1511
104,JT Chargois,R,1520,1491,1511
67,Gerrit Cole,R,1506,1509,1511
708,Sheldon Neuse,R,1506,1504,1510
410,Nick Martinez,R,1521,1486,1510
141,Anthony Bender,R,1506,1504,1510
385,Matt Manning,R,1508,1502,1510
668,Matt Gage,L,1505,1504,1510
256,Dylan Coleman,R,1510,1496,1510
725,Alex Young,L,1513,1493,1509
462,Phoenix Sanders,R,1510,1497,1509
88,Alex Lange,R,1498,1509,1509
135,Tyler Rogers,R,1516,1489,1509
431,Bryce Elder,R,1519,1490,1509
374,Clarke Schmidt,R,1524,1488,1509
666,Dean Kremer,R,1520,1490,1509
297,Tarik Skubal,L,1505,1502,1509
406,Michael Lorenzen,R,1522,1490,1509
563,Luis Perdomo,R,1514,1494,1509
695,Ryan Weber,R,1507,1502,1509
614,Drew Carlton,R,1508,1501,1509
395,Taijuan Walker,R,1522,1491,1508
859,Tyler Glasnow,R,1499,1509,1508
670,Adrian Morejon,L,1494,1512,1508
758,Bryan Garcia,R,1502,1504,1508
128,Danny Coulombe,L,1502,1507,1508
110,Andrew Kittredge,R,1509,1500,1508
701,Jose Leclerc,R,1512,1496,1508
4,Chris Martin,R,1507,1499,1508
120,Blake Treinen,R,1500,1507,1508
736,Angel Zerpa,L,1513,1492,1508
54,Archie Bradley,R,1503,1505,1508
663,Johan Oviedo,R,1494,1512,1508
173,Buck Farmer,R,1516,1492,1508
124,Joe Ryan,R,1490,1508,1508
652,Peter Strzelecki,R,1509,1499,1507
415,Matt Brash,R,1515,1494,1507
483,Ryan Castellani,R,1507,1500,1507
215,Mitch Keller,R,1510,1488,1507
325,Gabe Speier,L,1511,1497,1507
839,Alex Claudio,L,1500,1507,1507
818,Manuel Rodriguez,R,1513,1491,1507
860,Miguel Diaz,R,1502,1504,1506
561,Max Kranick,R,1495,1510,1506
728,Sandy Leon,R,1502,1504,1506
617,Angel Rondon,R,1504,1501,1506
686,Kyle Tyler,R,1505,1501,1506
744,Jonathan Hernandez,R,1508,1498,1506
161,Adam Cimber,R,1502,1504,1506
656,Willians Astudillo,R,1505,1501,1506
489,Wily Peralta,R,1490,1513,1506
336,Justus Sheffield,L,1506,1499,1505
253,Steven Okert,L,1509,1488,1505
851,Adbert Alzolay,R,1507,1498,1505
485,Parker Mushinski,L,1502,1502,1505
18,Wil Crowe,R,1487,1524,1505
439,Dakota Hudson,R,1514,1492,1505
346,Brent Suter,L,1499,1501,1505
578,Wade Miley,L,1494,1515,1505
123,Craig Kimbrel,R,1522,1486,1505
845,Kyle Dowdy,R,1504,1501,1505
283,Carlos Estevez,R,1510,1492,1505
803,Franmil Reyes,R,1503,1500,1505
844,Cooper Criswell,R,1503,1502,1505
575,Francisco Morales,R,1507,1498,1505
826,Fernando Cruz,R,1495,1510,1505
127,Jorge Alcala,R,1509,1495,1504
783,Darin Ruf,R,1505,1499,1504
368,Austin Adams,R,1505,1499,1504
796,Nate Fisher,R,1504,1500,1504
591,Denyi Reyes,R,1503,1501,1504
763,Michel Baez,R,1502,1502,1504
658,Manny Banuelos,L,1496,1503,1504
709,Austin Brice,R,1504,1500,1504
275,Joe Musgrove,R,1476,1528,1504
714,James Naile,R,1510,1494,1504
801,Phil Gosselin,R,1502,1501,1503
650,Randal Grichuk,R,1503,1500,1503
832,Vinny Nittoli,R,1504,1499,1503
797,Tyler Cyr,R,1503,1499,1503
800,Reese McGuire,R,1502,1501,1503
237,Matt Bush,R,1510,1492,1503
829,Zack Weiss,R,1509,1494,1503
807,Pablo Reyes,R,1502,1501,1503
757,Brian Serven,R,1505,1499,1503
387,Matt Barnes,R,1509,1496,1503
226,Jandel Gustave,R,1502,1500,1503
706,Ken Giles,R,1497,1506,1503
808,Greg Weissert,R,1494,1508,1503
861,Ildemaro Vargas,R,1501,1502,1503
576,Carl Edwards Jr.,R,1501,1500,1503
481,Mark Leiter Jr.,R,1475,1529,1503
530,William Woods,R,1505,1498,1503
837,Jace Peterson,R,1502,1501,1503
691,Charlie Culberson,R,1502,1501,1503
42,Justin Wilson,L,1506,1497,1503
528,Andrew Vasquez,L,1499,1503,1503
864,Nick Mears,R,1504,1498,1503
737,Chris Sale,L,1496,1506,1502
843,Andre Jackson,R,1495,1505,1502
244,Phillips Valdez,R,1492,1511,1502
248,A.J. Puk,L,1474,1520,1502
840,Yonny Chirinos,R,1497,1504,1502
69,Chad Green,R,1510,1492,1502
243,Hirokazu Sawamura,R,1508,1499,1502
86,Kyle Crick,R,1504,1499,1502
90,Aaron Bummer,L,1491,1509,1502
731,Michael Feliz,R,1506,1495,1502
482,Cody Stashak,R,1506,1496,1502
160,Dennis Santana,R,1499,1505,1502
750,Domingo German,R,1503,1498,1502
103,John Means,L,1502,1502,1502
697,Ehire Adrianza,R,1500,1502,1502
235,Spencer Patton,R,1505,1498,1502
557,Gregory Santos,R,1501,1500,1501
16,Adam Wainwright,R,1518,1483,1501
855,Orlando Arcia,R,1501,1501,1501
849,Collin Wiles,R,1503,1495,1501
853,Ronny Henriquez,R,1493,1508,1501
391,Ryan Thompson,R,1492,1508,1501
816,Jay Jackson,R,1499,1502,1501
738,Nick Duron,R,1497,1504,1501
756,Jordan Holloway,R,1499,1502,1501
828,Marwin Gonzalez,R,1501,1500,1501
196,Jason Foley,R,1522,1478,1501
700,Jack Mayfield,R,1500,1501,1501
308,Jalen Beeks,L,1511,1483,1501
746,JoJo Romero,L,1500,1500,1501
565,Riley O'Brien,R,1496,1504,1501
558,Jhonathan Diaz,L,1496,1504,1501
372,Jordan Montgomery,L,1486,1520,1501
792,Rob Zastryzny,L,1504,1497,1501
866,Yerry Rodriguez,R,1503,1498,1501
542,Kevin Plawecki,R,1500,1501,1501
587,Cam Alldred,L,1501,1500,1501
841,Justin Topa,R,1495,1505,1501
765,Jake Fishman,L,1499,1499,1501
681,Aneurys Zabala,R,1501,1499,1500
155,Trent Thornton,R,1509,1492,1500
715,Enoli Paredes,R,1503,1498,1500
63,Pierce Johnson,R,1496,1503,1500
767,Jordan Sheffield,R,1496,1504,1500
50,Jose Quijada,L,1484,1517,1500
814,Andrew Knizner,R,1499,1501,1500
831,Jermaine Palacios,R,1499,1501,1500
34,Seth Lugo,R,1476,1525,1500
805,Jose Castillo,L,1500,1499,1500
813,Manuel Rodr√≠guez,R,1497,1503,1500
92,Gregory Soto,L,1508,1491,1500
827,Cody Morris,R,1514,1483,1500
856,Shelby Miller,R,1503,1497,1500
836,Louie Varland,R,1496,1504,1500
585,Joey Wentz,L,1491,1505,1500
506,Edwin Uceta,R,1499,1498,1500
474,Michael Brosseau,R,1494,1506,1500
592,Conner Menez,L,1499,1500,1500
625,Junior Fernandez,R,1498,1499,1500
564,Kyle Barraclough,R,1506,1494,1500
432,Jackson Stephens,R,1513,1486,1500
532,Tyler Holton,L,1496,1505,1500
510,Angel De Jesus,R,1502,1497,1500
470,Pedro Avila,R,1501,1499,1500
505,Chase De Jong,R,1505,1497,1500
533,Wyatt Mills,R,1505,1495,1500
334,Yohan Ramirez,R,1512,1488,1500
671,Brandon Bielak,R,1493,1505,1499
696,Michael Kelly,R,1508,1491,1499
863,Easton McGee,R,1496,1503,1499
234,Brett Martin,L,1474,1524,1499
162,Yimi Garcia,R,1518,1483,1499
298,Michael Kopech,R,1507,1490,1499
97,Brad Hand,L,1495,1505,1499
791,Darick Hall,R,1501,1498,1499
157,John King,L,1489,1509,1499
630,Jake Hager,R,1501,1498,1499
607,Brandon Hughes,L,1486,1509,1499
862,Simeon Woods Richardson,R,1498,1501,1499
679,Reiss Knehr,R,1498,1499,1499
487,Marcos Diplan,R,1493,1507,1499
608,Cesar Valdez,R,1497,1502,1499
690,Tucker Barnhart,R,1495,1502,1498
495,Lucas Gilbreath,L,1489,1507,1498
631,Juan Minaya,R,1489,1509,1498
732,Jackie Bradley Jr.,R,1498,1500,1498
529,Bowden Francis,R,1497,1501,1498
639,Parker Markel,R,1496,1502,1498
865,Nash Walters,R,1500,1498,1498
290,Zach Eflin,R,1524,1473,1498
454,Chris Paddack,R,1501,1497,1498
788,Freddy Tarnok,R,1500,1499,1498
734,Matthew Batten,R,1495,1502,1498
460,JP Sears,L,1499,1498,1498
486,Kenny Rosenberg,L,1498,1498,1498
484,Matt Peacock,R,1496,1502,1498
802,Nicholas Padilla,R,1504,1493,1498
452,Michael Rucker,R,1498,1496,1498
44,Tyler Thornburg,R,1505,1494,1498
754,Huascar Brazoban,R,1513,1483,1498
766,Brennan Bernardino,L,1505,1496,1498
203,Keegan Akin,L,1470,1531,1498
598,Shane Greene,R,1499,1499,1498
762,Nick Neidert,R,1504,1494,1498
740,Anibal Sanchez,R,1491,1505,1497
857,Corey Dickerson,R,1501,1495,1497
19,Duane Underwood Jr.,R,1503,1488,1497
747,Steven Brault,L,1491,1505,1497
464,Anderson Severino,L,1496,1501,1497
721,Cristofer Ogando,R,1503,1494,1497
147,Steve Cishek,R,1520,1472,1497
601,Roenis Elias,L,1506,1492,1497
799,Michael Plassmeyer,L,1499,1499,1497
316,Trevor Williams,R,1517,1474,1497
648,Evan Lee,L,1496,1500,1497
854,Gavin Hollowell,R,1494,1501,1496
227,Trevor Gott,R,1510,1486,1496
112,Paul Fry,L,1499,1498,1496
753,Yolmer Sanchez,R,1499,1497,1496
727,Alcides Escobar,R,1492,1503,1496
739,Bubby Rossman,R,1496,1500,1496
817,Chase Anderson,R,1496,1500,1496
626,Yerry De Los Santos,R,1502,1497,1496
518,Reyes Moronta,R,1495,1501,1496
605,Logan Gillaspie,R,1496,1499,1496
586,Jake Walsh,R,1499,1497,1496
473,Nick Snyder,R,1500,1496,1496
538,Mauricio Llovera,R,1500,1495,1496
784,Alejo Lopez,R,1505,1491,1496
511,Lucas Sims,R,1496,1502,1496
519,Ray Kerr,L,1497,1499,1496
646,Chris Owings,R,1497,1498,1495
717,Mike Ford,R,1501,1494,1495
272,Ryan Hendrix,R,1501,1496,1495
611,Chad Pinder,R,1498,1497,1495
48,Aaron Loup,L,1488,1502,1495
492,Chris Ellis,R,1497,1498,1495
384,Albert Abreu,R,1492,1502,1495
609,Hanser Alberto,R,1494,1500,1495
188,J.B. Wendelken,R,1487,1510,1495
589,Luis Gil,R,1498,1497,1495
664,Ian Hamilton,R,1496,1499,1495
197,Will Vest,R,1499,1494,1495
150,Drew Smith,R,1507,1485,1495
5,Jake Cousins,R,1504,1491,1495
547,Kyle Muller,L,1490,1503,1495
568,Robbie Erlin,L,1503,1492,1495
689,Kody Clemens,R,1493,1501,1495
293,Sam Moll,L,1490,1501,1495
421,Ralph Garza Jr.,R,1518,1473,1495
682,Rico Garcia,R,1491,1504,1495
332,Matthew Festa,R,1507,1486,1495
778,DL Hall,L,1502,1492,1495
804,Victor Caratini,R,1497,1498,1495
798,Javier Assad,R,1515,1481,1495
38,Tyler Mahle,R,1450,1533,1494
719,Silvino Bracho,R,1489,1505,1494
301,Rony Garcia,R,1486,1505,1494
513,Beau Brieske,R,1480,1511,1494
858,Zack Britton,L,1495,1497,1494
210,Jharel Cotton,R,1507,1483,1494
722,Austin Wynns,R,1492,1501,1494
634,Janson Junk,R,1497,1497,1494
723,Garrett Hill,R,1488,1505,1494
812,Hunter Dozier,R,1495,1499,1494
674,Christian Bethancourt,R,1491,1504,1494
822,Nick Maton,R,1500,1494,1494
566,George Kirby,R,1445,1537,1494
229,Hoby Milner,L,1487,1503,1494
711,Shaun Anderson,R,1495,1499,1494
581,Ryan Pepiot,R,1512,1480,1493
659,Harold Castro,R,1492,1501,1493
386,Michael Wacha,R,1472,1525,1493
246,Cole Irvin,L,1472,1519,1493
449,Yunior Marte,R,1491,1498,1493
782,Xzavion Curry,R,1501,1491,1493
337,Jhon Romero,R,1498,1495,1493
641,Arodys Vizcaino,R,1497,1496,1493
252,Pablo Lopez,R,1512,1478,1493
207,Anthony Misiewicz,L,1494,1498,1493
101,Corey Knebel,R,1480,1509,1493
428,Anthony Kay,L,1493,1501,1493
825,Eduard Bazardo,R,1486,1508,1493
33,Patrick Murphy,R,1494,1497,1493
771,Matt Dermody,L,1493,1499,1493
535,Kyle Bradish,R,1475,1504,1493
476,Matt Koch,R,1495,1497,1493
824,Ken Waldichuk,L,1467,1518,1493
463,Jimmy Lambert,R,1495,1498,1493
847,Kevin Herget,R,1491,1501,1493
179,Blake Taylor,L,1491,1503,1493
693,Ryan Weathers,L,1493,1500,1492
811,Whit Merrifield,R,1494,1498,1492
752,Erich Uelmen,R,1506,1485,1492
830,Bryce Montes de Oca,R,1489,1503,1492
295,Damon Jones,L,1497,1494,1492
688,Daniel Mengden,R,1493,1498,1492
370,Javy Guerra,R,1499,1493,1492
760,Luis Torrens,R,1491,1501,1492
599,Luis Gonzalez,L,1496,1495,1492
205,Logan Gilbert,R,1449,1534,1492
321,Joe Barlow,R,1495,1499,1492
819,Zack Kelly,R,1489,1503,1492
278,Mark Melancon,R,1506,1484,1492
546,Keynan Middleton,R,1487,1504,1492
602,Johnny Cueto,R,1506,1484,1492
755,Jeff Brigham,R,1493,1502,1491
749,Connor Sadzeck,R,1488,1503,1491
40,Luis Cessa,R,1477,1513,1491
820,Brendon Little,L,1491,1498,1491
789,Sam Coonrod,R,1490,1501,1491
559,Sean Hjelle,R,1471,1520,1491
810,Gerardo Reyes,R,1490,1501,1491
184,Pedro Baez,R,1500,1491,1491
846,Raynel Espinal,R,1487,1503,1491
622,David McKay,R,1492,1499,1491
821,Jeremiah Estrada,R,1490,1500,1491
466,Andrew Bellatti,R,1514,1474,1491
635,Cody Sedlock,R,1495,1496,1491
51,Phil Maton,R,1512,1476,1491
657,Donovan Walton,R,1497,1494,1491
665,Caleb Kilian,R,1500,1490,1491
508,Sam Selman,L,1499,1491,1491
692,Jack Flaherty,R,1495,1490,1491
554,Matt Reynolds,R,1494,1497,1491
371,Carson Kelly,R,1486,1504,1491
434,Chris Archer,R,1478,1505,1491
437,David Price,L,1492,1499,1490
169,Daniel Duarte,R,1502,1488,1490
425,Eric Lauer,L,1470,1518,1490
30,Andres Machado,R,1511,1474,1490
31,Trevor May,R,1494,1494,1490
450,Nick Lodolo,L,1466,1522,1490
87,Kendall Graveman,R,1502,1489,1490
360,Jarlin Garcia,L,1478,1509,1490
867,Noah Davis,R,1498,1492,1490
479,Alexander Wells,L,1493,1496,1490
24,Aaron Fletcher,L,1492,1497,1490
615,Foster Griffin,L,1486,1503,1490
642,Anderson Espinoza,R,1502,1484,1490
848,Cole Waites,R,1497,1493,1490
536,Ryan Burr,R,1499,1490,1490
584,Stephen Nogosek,R,1497,1493,1490
624,Miguel Sanchez,R,1507,1481,1490
571,Joe Kelly,R,1489,1497,1489
842,Ryan McKenna,R,1492,1497,1489
151,Sean Reid-Foley,R,1494,1495,1489
517,Taylor Widener,R,1476,1511,1489
678,Shane Baz,R,1486,1503,1489
521,Sam Howard,L,1501,1488,1489
560,Robert Gsellman,R,1505,1483,1489
667,Braxton Garrett,L,1447,1534,1489
75,Matt Strahm,L,1493,1495,1489
393,Justin Grimm,R,1497,1491,1489
262,Collin Snider,R,1511,1478,1489
259,Taylor Clarke,R,1495,1491,1489
397,David Peterson,L,1471,1511,1488
780,Nicky Lopez,R,1501,1487,1488
705,Tommy Hunter,R,1499,1487,1488
580,J.C. Mejia,R,1490,1498,1488
7,Mychal Givens,R,1498,1483,1488
433,Dee Strange-Gordon,R,1495,1492,1488
498,Sam Clay,L,1497,1492,1488
774,Yu Chang,R,1487,1501,1488
394,Ranger Suarez,L,1476,1516,1488
809,Cade Cavalli,R,1489,1498,1488
643,Jesus Cruz,R,1504,1483,1488
357,Justin Bruihl,L,1478,1509,1488
628,Andrelton Simmons,R,1488,1500,1488
781,A.J. Ladwig,R,1490,1498,1488
540,Locke St. John,L,1494,1494,1488
645,Zac Lowther,L,1495,1493,1488
629,Josh Harrison,R,1491,1495,1487
676,Tyson Miller,R,1481,1503,1487
22,Chris Stratton,R,1514,1469,1487
733,Michael A. Taylor,R,1490,1497,1487
741,Tyler Clippard,R,1482,1505,1487
468,Brian Moran,L,1497,1490,1487
216,Kodi Whitley,R,1483,1504,1487
76,Aroldis Chapman,L,1478,1507,1487
730,Jose Marte,R,1493,1493,1487
408,Cody Poteet,R,1495,1495,1487
420,Adam Kolarek,L,1484,1502,1487
600,Albert Pujols,R,1492,1494,1487
59,Sean Poppen,R,1501,1485,1487
300,Matt Foster,R,1497,1486,1487
638,Ethan Small,L,1482,1503,1487
574,Danny Young,L,1489,1496,1486
456,Dereck Rodriguez,R,1504,1482,1486
133,Tanner Scott,L,1498,1482,1486
448,Wil Myers,R,1493,1493,1486
175,Reid Detmers,L,1478,1509,1486
192,Casey Mize,R,1486,1498,1486
604,Jake Reed,R,1504,1482,1486
726,Tayler Scott,R,1497,1487,1486
273,Darren O'Day,R,1489,1497,1486
713,Ernie Clement,R,1492,1493,1486
502,Tanner Tully,L,1489,1496,1486
89,Jacob Barnes,R,1489,1499,1486
304,Tyler Wells,R,1454,1530,1486
786,R.J. Alvarez,R,1496,1490,1486
409,Alex Wood,L,1448,1543,1485
472,Konnor Pilkington,L,1483,1500,1485
469,Garrett Richards,R,1472,1514,1485
453,Dillon Peters,L,1481,1504,1485
27,Tylor Megill,R,1511,1474,1485
2,Daniel Norris,L,1486,1495,1485
28,Victor Arano,R,1504,1475,1485
702,Tommy Milone,L,1493,1492,1485
777,Kirby Yates,R,1483,1500,1485
261,Anthony Gose,L,1486,1495,1485
310,Hunter Greene,R,1481,1485,1485
685,Reed Garrett,R,1483,1500,1485
363,Jose Suarez,L,1462,1519,1485
401,Josh Rogers,L,1466,1516,1485
745,Max Meyer,R,1482,1502,1485
662,Luke Barker,R,1492,1493,1485
163,Greg Holland,R,1489,1496,1485
675,Stephen Strasburg,R,1497,1488,1485
761,Derek Law,R,1491,1490,1484
377,Logan Allen,L,1493,1490,1484
185,Ronel Blanco,R,1491,1493,1484
414,Vince Velasquez,R,1474,1502,1484
562,Jared Solomon,R,1493,1492,1484
499,Tyler Danish,R,1497,1487,1484
523,Kervin Castro,R,1490,1492,1484
267,Tanner Rainey,R,1495,1492,1484
673,Jared Koenig,L,1499,1479,1484
636,Chad Smith,R,1497,1487,1484
199,Michael Fulmer,R,1515,1473,1484
852,Franklin German,R,1489,1494,1484
632,Austin Pruitt,R,1484,1495,1484
694,Jake Bird,R,1488,1494,1484
504,Colin Poche,L,1484,1493,1484
647,Jordan Weems,R,1476,1504,1484
396,Nick Nelson,R,1484,1497,1483
743,A.J. Alexy,R,1491,1492,1483
423,Cristopher Sanchez,L,1487,1491,1483
315,Chasen Shreve,L,1499,1481,1483
212,Tyler Duffey,R,1508,1473,1483
772,Cole Ragans,L,1475,1506,1483
684,Jackson Tetreault,R,1476,1505,1482
490,Tyler Gilbert,L,1479,1500,1482
177,Oliver Ortega,R,1473,1512,1482
400,Huascar Ynoa,R,1489,1493,1482
795,Jose Butto,R,1483,1497,1482
683,Lance Lynn,R,1497,1477,1482
378,Joel Payamps,R,1475,1505,1482
459,Dusten Knight,R,1479,1504,1482
806,Luke Farrell,R,1497,1484,1482
118,Ashton Goudeau,R,1476,1506,1482
376,Aaron Civale,R,1495,1475,1482
94,Frankie Montas,R,1500,1474,1482
233,Trevor Richards,R,1486,1497,1482
613,Nick Vespi,L,1497,1479,1481
621,Trevor Megill,R,1482,1497,1481
619,Yadier Molina,R,1500,1481,1481
159,Julian Merryweather,R,1486,1491,1481
82,Eduardo Rodriguez,L,1505,1465,1481
704,Max Castillo,R,1498,1480,1481
142,John Brebbia,R,1491,1484,1481
661,Jeremy Beasley,R,1479,1499,1481
23,Genesis Cabrera,L,1478,1496,1481
21,Nick Wittgren,R,1487,1495,1481
543,Robert Dugger,R,1495,1488,1481
153,Tayler Saucedo,L,1488,1492,1480
231,Kevin Gausman,R,1453,1525,1480
573,Tommy Nance,R,1462,1516,1480
522,Packy Naughton,L,1462,1518,1480
190,Dinelson Lamet,R,1492,1484,1480
121,Justin Lawrence,R,1504,1472,1480
294,Connor Brogdon,R,1482,1499,1480
515,Ronald Bolanos,R,1489,1490,1480
60,Oliver Perez,L,1488,1492,1480
312,Art Warren,R,1461,1517,1480
712,Ian Gibaut,R,1495,1481,1479
770,Tommy Henry,L,1489,1480,1479
116,Walker Buehler,R,1493,1487,1479
285,Noah Syndergaard,R,1505,1470,1479
361,Zack Littell,R,1480,1493,1479
43,Dauri Moreta,R,1492,1485,1479
524,Yoan Lopez,R,1492,1488,1479
680,Garrett Stubbs,R,1490,1489,1479
520,Beau Sulser,R,1504,1473,1479
548,James Kaprielian,R,1467,1497,1479
71,Miguel Castro,R,1476,1502,1479
660,Chi Chi Gonzalez,R,1483,1495,1479
488,Phil Bickford,R,1487,1490,1479
317,Hyun Jin Ryu,L,1478,1501,1479
497,Francisco Perez,L,1487,1489,1478
95,Jacob Lemoine,R,1504,1473,1478
550,Elvis Peguero,R,1480,1497,1478
512,Ryan Borucki,L,1467,1509,1478
49,Austin Warren,R,1484,1493,1478
45,Tony Santillan,R,1500,1476,1478
687,Eric Stout,L,1467,1506,1478
381,Mike Baumann,R,1480,1499,1478
365,Caleb Smith,L,1449,1523,1478
572,Calvin Faucher,R,1504,1472,1478
191,Taylor Rogers,L,1465,1514,1478
718,Max Schrock,R,1477,1500,1477
343,Aaron Brooks,R,1489,1487,1477
525,Phillip Diehl,L,1483,1493,1477
218,T.J. McFarland,L,1482,1492,1477
224,Jose Urena,R,1514,1454,1477
217,Roansy Contreras,R,1480,1481,1477
241,Lucas Luetge,L,1484,1487,1477
544,Cole Sands,R,1471,1504,1477
367,Corbin Martin,R,1484,1489,1476
595,Devin Smeltzer,L,1493,1478,1476
61,Noe Ramirez,R,1489,1486,1476
338,Steven Matz,L,1489,1483,1476
143,Jose Alvarez,L,1492,1481,1476
720,Thomas Hatch,R,1480,1494,1475
478,Travis Lakins Sr.,R,1479,1495,1475
158,Josh Sborz,R,1481,1493,1475
12,Jake Brentz,L,1476,1501,1475
514,Adonis Medina,R,1475,1500,1475
362,Shawn Armstrong,R,1495,1470,1475
556,Casey Lawrence,R,1498,1475,1475
68,Nathan Eovaldi,R,1467,1497,1475
507,Glenn Otto,R,1451,1511,1474
644,Jose Cuas,R,1501,1468,1474
347,Jesse Chavez,R,1484,1485,1474
516,Kirk McCarty,L,1464,1509,1474
583,Nick Gordon,R,1474,1499,1474
380,Adrian Houser,R,1529,1439,1474
198,Jose Ruiz,R,1469,1501,1474
230,Ethan Roberts,R,1481,1493,1474
225,Keegan Thompson,R,1489,1484,1474
729,Brayan Bello,L,1490,1477,1474
77,Hansel Robles,R,1474,1498,1474
398,Jameson Taillon,R,1484,1477,1473
417,Drew Smyly,L,1457,1506,1473
698,Cam Vieaux,L,1480,1492,1473
9,Zack Greinke,R,1475,1492,1473
606,Davis Martin,R,1486,1484,1473
209,Sergio Romo,R,1474,1496,1473
292,Bailey Falter,L,1467,1496,1473
242,Austin Davis,L,1457,1511,1473
735,Kaleb Ort,R,1470,1499,1473
654,Frank Schwindel,R,1487,1485,1473
467,James Norwood,R,1494,1478,1473
610,Trevor Kelley,R,1486,1482,1472
405,Chris Flexen,R,1461,1502,1472
66,Craig Stammen,R,1481,1489,1472
471,Daniel Castano,L,1486,1482,1472
11,Bryan Shaw,R,1479,1489,1472
392,Brett Phillips,R,1486,1485,1472
136,Cole Sulser,R,1448,1529,1472
355,Ty Blach,L,1455,1514,1472
597,Michael Grove,R,1499,1472,1472
640,Domingo Tapia,R,1493,1475,1471
329,Anthony Castro,R,1482,1489,1471
594,Ross Detwiler,L,1473,1492,1471
389,Chris Mazza,R,1481,1490,1471
707,Jerad Eickhoff,R,1497,1473,1471
291,Daulton Jefferies,R,1463,1509,1471
475,MacKenzie Gore,L,1472,1497,1471
85,Bennett Sousa,L,1493,1477,1471
208,Joe Smith,R,1490,1481,1470
435,Andrew Heaney,L,1469,1495,1470
274,Zach Davies,R,1465,1492,1470
306,Joey Krehbiel,R,1484,1485,1470
167,Jeff Hoffman,R,1481,1485,1470
552,Mike Clevinger,R,1478,1485,1470
537,Luis Frias,R,1485,1484,1470
138,Richard Bleier,L,1455,1509,1470
165,Charlie Morton,R,1490,1470,1470
794,Bryan Hoeing,R,1478,1491,1469
176,Jake Odorizzi,R,1482,1484,1469
282,Alex Colome,R,1477,1488,1469
130,Drew Steckenrider,R,1485,1484,1469
444,Kolby Allard,L,1468,1499,1469
125,Robbie Ray,L,1466,1499,1469
137,Jake McGee,L,1482,1486,1469
790,Stone Garrett,R,1473,1490,1468
759,Chris Devenski,R,1476,1492,1468
579,Adrian Martinez,R,1480,1477,1468
80,Ryan Brasier,R,1492,1472,1468
271,Hunter Strickland,R,1484,1476,1467
350,Josh Hader,L,1469,1495,1467
364,Jose Urquidy,R,1454,1494,1466
411,Sam Long,L,1517,1443,1466
29,Austin Voth,R,1471,1476,1464
593,Chase Silseth,R,1498,1464,1464
627,Thomas Szapucki,L,1477,1480,1464
314,Carlos Carrasco,R,1466,1493,1463
335,Emilio Pagan,R,1456,1501,1463
413,Rich Hill,L,1468,1486,1463
134,Dominic Leone,R,1513,1449,1463
303,Corey Kluber,R,1485,1464,1462
189,Humberto Castellanos,R,1472,1488,1462
620,Graham Ashcraft,R,1434,1530,1462
296,Lou Trivino,R,1496,1459,1461
3,Aaron Ashby,L,1462,1485,1461
742,Darwinzon Hernandez,L,1470,1488,1461
79,Jake Diekman,L,1455,1493,1461
341,Miguel Yajure,R,1482,1476,1461
166,Reiver Sanmartin,L,1467,1489,1461
699,Jimmy Yacabonis,R,1465,1493,1461
14,Josh Staumont,R,1496,1468,1461
465,Drew VerHagen,R,1478,1483,1461
582,Yennier Cano,R,1488,1471,1460
616,Matthew Liberatore,L,1456,1500,1460
139,Louis Head,R,1471,1488,1460
84,Drew Hutchison,R,1513,1444,1460
496,Robert Stephenson,R,1465,1488,1459
436,Josh Winder,R,1473,1485,1459
58,Luke Weaver,R,1475,1476,1459
402,Tucker Davidson,L,1477,1475,1459
418,Tommy Romero,R,1496,1463,1459
309,Ian Anderson,R,1435,1514,1459
509,Aaron Sanchez,R,1438,1514,1459
526,Ryan Feltner,R,1467,1478,1459
388,Luis Patino,R,1461,1494,1459
570,Joel Kuhnel,R,1457,1495,1458
170,Will Smith,L,1453,1499,1457
551,Ryan Yarbrough,L,1438,1512,1457
279,German Marquez,R,1504,1429,1456
83,Lucas Giolito,R,1409,1525,1456
424,Spenser Watkins,R,1484,1466,1456
311,Sean Newcomb,L,1478,1469,1456
776,T.J. Zeuch,R,1471,1483,1455
773,Hunter Gaddis,R,1476,1477,1455
390,Paul Blackburn,R,1475,1470,1454
353,Mitch White,R,1456,1485,1454
96,Jeurys Familia,R,1462,1484,1454
324,Jackson Kowar,R,1476,1474,1453
412,Tyler Alexander,L,1446,1503,1453
20,Heath Hembree,R,1489,1461,1453
637,Matt Swarmer,R,1476,1471,1453
181,Mike Mayers,R,1481,1469,1453
451,Zach Thompson,R,1485,1458,1452
81,Kutter Crawford,R,1489,1455,1452
6,Rowan Wick,R,1479,1470,1452
358,Anthony DeSclafani,R,1470,1478,1452
618,Josh VanMeter,R,1470,1481,1452
0,Kyle Hendricks,R,1512,1432,1451
255,Zach Plesac,R,1503,1433,1451
219,Anthony Banda,L,1462,1482,1450
354,Jhoulys Chacin,R,1470,1474,1450
785,Andrew Nardi,L,1475,1470,1450
100,Kirby Snead,L,1463,1484,1450
382,Taylor Hearn,L,1457,1488,1450
703,Cory Abbott,R,1483,1462,1450
447,Tyler Beede,R,1456,1489,1449
775,Justin Dunn,R,1485,1457,1449
201,Jordan Lyles,R,1491,1435,1448
555,Alex Faedo,R,1474,1469,1448
202,Josh Fleming,L,1447,1501,1447
633,Josh Winckowski,R,1475,1470,1446
503,Jakob Junis,R,1494,1443,1446
500,Michael Pineda,R,1476,1466,1446
245,Kyle Gibson,R,1481,1459,1445
277,Ian Kennedy,R,1455,1482,1444
239,Nick Pivetta,R,1479,1457,1444
383,Austin Gomber,L,1421,1512,1443
787,Kohei Arihara,R,1464,1477,1443
375,Carlos Hernandez,R,1434,1499,1442
669,Alec Mills,R,1472,1468,1442
331,Marco Gonzales,L,1450,1463,1441
651,Jason Alexander,R,1497,1436,1439
359,Trevor Rogers,L,1418,1509,1439
187,Sean Manaea,L,1416,1513,1438
351,Antonio Senzatela,R,1444,1485,1438
254,Brad Keller,R,1452,1477,1437
710,Connor Seabold,R,1464,1469,1436
232,Dane Dunning,R,1457,1457,1433
17,JT Brubaker,R,1477,1434,1433
404,Dylan Bundy,R,1423,1493,1432
115,Kyle Freeland,L,1460,1436,1432
339,Bryse Wilson,R,1469,1452,1432
419,Adam Oller,R,1449,1464,1431
299,Elvin Rodriguez,R,1456,1467,1430
264,Joan Adon,R,1456,1457,1427
588,Jonathan Heasley,R,1482,1430,1427
270,Vladimir Gutierrez,R,1478,1440,1427
149,Paolo Espino,R,1463,1451,1426
152,Jose Berrios,R,1473,1428,1424
493,Zach Logue,L,1419,1499,1423
318,Spencer Howard,R,1442,1472,1421
440,Daniel Lynch,L,1436,1471,1419
427,Yusei Kikuchi,L,1405,1506,1419
407,Elieser Hernandez,R,1458,1438,1416
313,Erick Fedde,R,1428,1476,1413
145,Josiah Gray,R,1480,1404,1410
322,Kris Bubic,L,1446,1443,1407
655,Mike Minor,L,1390,1501,1406
56,Madison Bumgarner,L,1398,1482,1403
379,Bruce Zimmermann,L,1421,1462,1395
461,Dallas Keuchel,L,1405,1481,1392
443,Chad Kuhl,R,1433,1428,1389
26,Patrick Corbin,L,1377,1456,1367
